org_id,org_owner_title,org_owner,ref_id
3001,Department of Justice Canada,jus,1
3002,Department of Justice Canada,jus,2
3003,Department of Justice Canada,jus,3
3004,Department of Justice Canada,jus,4
3005,Department of Justice Canada,jus,5
3006,Department of Justice Canada,jus,6
3007,Department of Justice Canada,jus,7
3008,Department of Justice Canada,jus,8
3009,Department of Justice Canada,jus,9
3010,Department of Justice Canada,jus,10
3011,Department of Justice Canada,jus,11
3012,Department of Justice Canada,jus,12
3013,Department of Justice Canada,jus,13
3014,Agriculture Food Canada,aafc aac,14
3015,Agriculture Food Canada,aafc aac,15
3016,Agriculture Food Canada,aafc aac,16
3017,Agriculture Food Canada,aafc aac,17
3018,Agriculture Food Canada,aafc aac,18
3019,Agriculture Food Canada,aafc aac,19
3020,Agriculture Food Canada,aafc aac,20
3021,Agriculture Food Canada,aafc aac,21
3022,Agriculture Food Canada,aafc aac,22
3023,Agriculture Food Canada,aafc aac,23
3024,Agriculture Food Canada,aafc aac,24
3025,Agriculture Food Canada,aafc aac,25
3026,Agriculture Food Canada,aafc aac,26
3027,Agriculture Food Canada,aafc aac,27
3028,Agriculture Food Canada,aafc aac,28
3029,Agriculture Food Canada,aafc aac,29
3030,Agriculture Food Canada,aafc aac,30
3031,Agriculture Food Canada,aafc aac,31
3032,Agriculture Food Canada,aafc aac,32
3033,Agriculture Food Canada,aafc aac,33
3034,Agriculture Food Canada,aafc aac,34
3035,Agriculture Food Canada,aafc aac,35
3036,Agriculture Food Canada,aafc aac,36
3037,Agriculture Food Canada,aafc aac,37
3038,Agriculture Food Canada,aafc aac,38
3039,Agriculture Food Canada,aafc aac,39
3040,Agriculture Food Canada,aafc aac,40
3041,Agriculture Food Canada,aafc aac,41
3042,Agriculture Food Canada,aafc aac,42
3043,Agriculture Food Canada,aafc aac,43
3044,Agriculture Food Canada,aafc aac,44
3045,Agriculture Food Canada,aafc aac,45
3046,Agriculture Food Canada,aafc aac,46
3047,Agriculture Food Canada,aafc aac,47
3048,Agriculture Food Canada,aafc aac,48
3049,Agriculture Food Canada,aafc aac,49
3050,Agriculture Food Canada,aafc aac,50
3051,Agriculture Food Canada,aafc aac,51
3052,Agriculture Food Canada,aafc aac,52
3053,Agriculture Food Canada,aafc aac,53
3054,Agriculture Food Canada,aafc aac,54
3055,Agriculture Food Canada,aafc aac,55
3056,Agriculture Food Canada,aafc aac,56
3057,Agriculture Food Canada,aafc aac,57
3058,Agriculture Food Canada,aafc aac,58
3059,Agriculture Food Canada,aafc aac,59
3060,Agriculture Food Canada,aafc aac,60
3061,Agriculture Food Canada,aafc aac,61
3062,Agriculture Food Canada,aafc aac,62
3063,Agriculture Food Canada,aafc aac,63
3064,Agriculture Food Canada,aafc aac,64
3065,Agriculture Food Canada,aafc aac,65
3066,Agriculture Food Canada,aafc aac,66
3067,Agriculture Food Canada,aafc aac,67
3068,Agriculture Food Canada,aafc aac,68
3069,Agriculture Food Canada,aafc aac,69
3070,Agriculture Food Canada,aafc aac,70
3071,Agriculture Food Canada,aafc aac,71
3072,Agriculture Food Canada,aafc aac,72
3073,Agriculture Food Canada,aafc aac,73
3074,Agriculture Food Canada,aafc aac,74
3075,Agriculture Food Canada,aafc aac,75
3076,Agriculture Food Canada,aafc aac,76
3077,Agriculture Food Canada,aafc aac,77
3078,Agriculture Food Canada,aafc aac,78
3079,Agriculture Food Canada,aafc aac,79
3080,Agriculture Food Canada,aafc aac,80
3081,Agriculture Food Canada,aafc aac,81
3082,Agriculture Food Canada,aafc aac,82
3083,Agriculture Food Canada,aafc aac,83
3084,Agriculture Food Canada,aafc aac,84
3085,Agriculture Food Canada,aafc aac,85
3086,Agriculture Food Canada,aafc aac,86
3087,Agriculture Food Canada,aafc aac,87
3088,Agriculture Food Canada,aafc aac,88
3089,Agriculture Food Canada,aafc aac,89
3090,Agriculture Food Canada,aafc aac,90
3091,Agriculture Food Canada,aafc aac,91
3092,Agriculture Food Canada,aafc aac,92
3093,Agriculture Food Canada,aafc aac,93
3094,Agriculture Food Canada,aafc aac,94
3095,Agriculture Food Canada,aafc aac,95
3096,Agriculture Food Canada,aafc aac,96
3097,Agriculture Food Canada,aafc aac,97
3098,Agriculture Food Canada,aafc aac,98
3099,Agriculture Food Canada,aafc aac,99
3100,Agriculture Food Canada,aafc aac,100
3101,Agriculture Food Canada,aafc aac,101
3102,Agriculture Food Canada,aafc aac,102
3103,Agriculture Food Canada,aafc aac,103
3104,Agriculture Food Canada,aafc aac,104
3105,Agriculture Food Canada,aafc aac,105
3106,Agriculture Food Canada,aafc aac,106
3107,Agriculture Food Canada,aafc aac,107
3108,Agriculture Food Canada,aafc aac,108
3109,Agriculture Food Canada,aafc aac,109
3110,Agriculture Food Canada,aafc aac,110
3111,Agriculture Food Canada,aafc aac,111
3112,Agriculture Food Canada,aafc aac,112
3113,Agriculture Food Canada,aafc aac,113
3114,Agriculture Food Canada,aafc aac,114
3115,Agriculture Food Canada,aafc aac,115
3116,Agriculture Food Canada,aafc aac,116
3117,Agriculture Food Canada,aafc aac,117
3118,Agriculture Food Canada,aafc aac,118
3119,Agriculture Food Canada,aafc aac,119
3120,Agriculture Food Canada,aafc aac,120
3121,Agriculture Food Canada,aafc aac,121
3122,Agriculture Food Canada,aafc aac,122
3123,Agriculture Food Canada,aafc aac,123
3124,Agriculture Food Canada,aafc aac,124
3125,Agriculture Food Canada,aafc aac,125
3126,Agriculture Food Canada,aafc aac,126
3127,Agriculture Food Canada,aafc aac,127
3128,Agriculture Food Canada,aafc aac,128
3129,Agriculture Food Canada,aafc aac,129
3130,Agriculture Food Canada,aafc aac,130
3131,Agriculture Food Canada,aafc aac,131
3132,Agriculture Food Canada,aafc aac,132
3133,Agriculture Food Canada,aafc aac,133
3134,Agriculture Food Canada,aafc aac,134
3135,Agriculture Food Canada,aafc aac,135
3136,Agriculture Food Canada,aafc aac,136
3137,Agriculture Food Canada,aafc aac,137
3138,Agriculture Food Canada,aafc aac,138
3139,Agriculture Food Canada,aafc aac,139
3140,Agriculture Food Canada,aafc aac,140
3141,Agriculture Food Canada,aafc aac,141
3142,Agriculture Food Canada,aafc aac,142
3143,Agriculture Food Canada,aafc aac,143
3144,Agriculture Food Canada,aafc aac,144
3145,Agriculture Food Canada,aafc aac,145
3146,Agriculture Food Canada,aafc aac,146
3147,Agriculture Food Canada,aafc aac,147
3148,Agriculture Food Canada,aafc aac,148
3149,Agriculture Food Canada,aafc aac,149
3150,Agriculture Food Canada,aafc aac,150
3151,Agriculture Food Canada,aafc aac,151
3152,Agriculture Food Canada,aafc aac,152
3153,Agriculture Food Canada,aafc aac,153
3154,Agriculture Food Canada,aafc aac,154
3155,Agriculture Food Canada,aafc aac,155
3156,Agriculture Food Canada,aafc aac,156
3157,Agriculture Food Canada,aafc aac,157
3158,Agriculture Food Canada,aafc aac,158
3159,Agriculture Food Canada,aafc aac,159
3160,Agriculture Food Canada,aafc aac,160
3161,Agriculture Food Canada,aafc aac,161
3162,Agriculture Food Canada,aafc aac,162
3163,Agriculture Food Canada,aafc aac,163
3164,Agriculture Food Canada,aafc aac,164
3165,Agriculture Food Canada,aafc aac,165
3166,Agriculture Food Canada,aafc aac,166
3167,Agriculture Food Canada,aafc aac,167
3168,Agriculture Food Canada,aafc aac,168
3169,Agriculture Food Canada,aafc aac,169
3170,Agriculture Food Canada,aafc aac,170
3171,Agriculture Food Canada,aafc aac,171
3172,Agriculture Food Canada,aafc aac,172
3173,Agriculture Food Canada,aafc aac,173
3174,Agriculture Food Canada,aafc aac,174
3175,Agriculture Food Canada,aafc aac,175
3176,Agriculture Food Canada,aafc aac,176
3177,Agriculture Food Canada,aafc aac,177
3178,Agriculture Food Canada,aafc aac,178
3179,Agriculture Food Canada,aafc aac,179
3180,Agriculture Food Canada,aafc aac,180
3181,Agriculture Food Canada,aafc aac,181
3182,Agriculture Food Canada,aafc aac,182
3183,Agriculture Food Canada,aafc aac,183
3184,Agriculture Food Canada,aafc aac,184
3185,Agriculture Food Canada,aafc aac,185
3186,Agriculture Food Canada,aafc aac,186
3187,Agriculture Food Canada,aafc aac,187
3188,Agriculture Food Canada,aafc aac,188
3189,Agriculture Food Canada,aafc aac,189
3190,Agriculture Food Canada,aafc aac,190
3191,Agriculture Food Canada,aafc aac,191
3192,Agriculture Food Canada,aafc aac,192
3193,Agriculture Food Canada,aafc aac,193
3194,Agriculture Food Canada,aafc aac,194
3195,Agriculture Food Canada,aafc aac,195
3196,Agriculture Food Canada,aafc aac,196
3197,Agriculture Food Canada,aafc aac,197
3198,Agriculture Food Canada,aafc aac,198
3199,Agriculture Food Canada,aafc aac,199
3200,Agriculture Food Canada,aafc aac,200
3201,Agriculture Food Canada,aafc aac,201
3202,Agriculture Food Canada,aafc aac,202
3203,Agriculture Food Canada,aafc aac,203
3204,Agriculture Food Canada,aafc aac,204
3205,Agriculture Food Canada,aafc aac,205
3206,Agriculture Food Canada,aafc aac,206
3207,Agriculture Food Canada,aafc aac,207
3208,Agriculture Food Canada,aafc aac,208
3209,Agriculture Food Canada,aafc aac,209
3210,Agriculture Food Canada,aafc aac,210
3211,Agriculture Food Canada,aafc aac,211
3212,Agriculture Food Canada,aafc aac,212
3213,Agriculture Food Canada,aafc aac,213
3214,Agriculture Food Canada,aafc aac,214
3215,Agriculture Food Canada,aafc aac,215
3216,Agriculture Food Canada,aafc aac,216
3217,Agriculture Food Canada,aafc aac,217
3218,Agriculture Food Canada,aafc aac,218
3219,Agriculture Food Canada,aafc aac,219
3220,Agriculture Food Canada,aafc aac,220
3221,Agriculture Food Canada,aafc aac,221
3222,Agriculture Food Canada,aafc aac,222
3223,Agriculture Food Canada,aafc aac,223
3224,Agriculture Food Canada,aafc aac,224
3225,Agriculture Food Canada,aafc aac,225
3226,Agriculture Food Canada,aafc aac,226
3227,Agriculture Food Canada,aafc aac,227
3228,Agriculture Food Canada,aafc aac,228
3229,Agriculture Food Canada,aafc aac,229
3230,Agriculture Food Canada,aafc aac,230
3231,Agriculture Food Canada,aafc aac,231
3232,Agriculture Food Canada,aafc aac,232
3233,Agriculture Food Canada,aafc aac,233
3234,Agriculture Food Canada,aafc aac,234
3235,Agriculture Food Canada,aafc aac,235
3236,Agriculture Food Canada,aafc aac,236
3237,Agriculture Food Canada,aafc aac,237
3238,Agriculture Food Canada,aafc aac,238
3239,Agriculture Food Canada,aafc aac,239
3240,Agriculture Food Canada,aafc aac,240
3241,Agriculture Food Canada,aafc aac,241
3242,Agriculture Food Canada,aafc aac,242
3243,Agriculture Food Canada,aafc aac,243
3244,Agriculture Food Canada,aafc aac,244
3245,Agriculture Food Canada,aafc aac,245
3246,Agriculture Food Canada,aafc aac,246
3247,Agriculture Food Canada,aafc aac,247
3248,Agriculture Food Canada,aafc aac,248
3249,Agriculture Food Canada,aafc aac,249
3250,Agriculture Food Canada,aafc aac,250
3251,Agriculture Food Canada,aafc aac,251
3252,Agriculture Food Canada,aafc aac,252
3253,Agriculture Food Canada,aafc aac,253
3254,Agriculture Food Canada,aafc aac,254
3255,Agriculture Food Canada,aafc aac,255
3256,Agriculture Food Canada,aafc aac,256
3257,Agriculture Food Canada,aafc aac,257
3258,Agriculture Food Canada,aafc aac,258
3259,Agriculture Food Canada,aafc aac,259
3260,Agriculture Food Canada,aafc aac,260
3261,Agriculture Food Canada,aafc aac,261
3262,Agriculture Food Canada,aafc aac,262
3263,Agriculture Food Canada,aafc aac,263
3264,Agriculture Food Canada,aafc aac,264
3265,Agriculture Food Canada,aafc aac,265
3266, Accessibility Standards Canada ,casdo ocena,266
3267, Accessibility Standards Canada ,casdo ocena,267
3268, Accessibility Standards Canada ,casdo ocena,268
3269, Accessibility Standards Canada ,casdo ocena,269
3270, Accessibility Standards Canada ,casdo ocena,270
3271, Accessibility Standards Canada ,casdo ocena,271
3272, Accessibility Standards Canada ,casdo ocena,272
3273, Accessibility Standards Canada ,casdo ocena,273
3274, Accessibility Standards Canada ,casdo ocena,274
3275, Accessibility Standards Canada ,casdo ocena,275
3276, Accessibility Standards Canada ,casdo ocena,276
3277, Accessibility Standards Canada ,casdo ocena,277
3278, Accessibility Standards Canada ,casdo ocena,278
3279, Accessibility Standards Canada ,casdo ocena,279
3280, Accessibility Standards Canada ,casdo ocena,280
3281, Accessibility Standards Canada ,casdo ocena,281
3282, Accessibility Standards Canada ,casdo ocena,282
3283, Accessibility Standards Canada ,casdo ocena,283
3284, Accessibility Standards Canada ,casdo ocena,284
3285, Accessibility Standards Canada ,casdo ocena,285
3286, Accessibility Standards Canada ,casdo ocena,286
3287, Accessibility Standards Canada ,casdo ocena,287
3288, Accessibility Standards Canada ,casdo ocena,288
3289, Accessibility Standards Canada ,casdo ocena,289
3290, Accessibility Standards Canada ,casdo ocena,290
3291, Accessibility Standards Canada ,casdo ocena,291
3292, Accessibility Standards Canada ,casdo ocena,292
3293, Accessibility Standards Canada ,casdo ocena,293
3294, Accessibility Standards Canada ,casdo ocena,294
3295, Accessibility Standards Canada ,casdo ocena,295
3296, Accessibility Standards Canada ,casdo ocena,296
3297, Accessibility Standards Canada ,casdo ocena,297
3298, Accessibility Standards Canada ,casdo ocena,298
3299, Accessibility Standards Canada ,casdo ocena,299
3300, Accessibility Standards Canada ,casdo ocena,300
3301, Accessibility Standards Canada ,casdo ocena,301
3302, Accessibility Standards Canada ,casdo ocena,302
3303, Accessibility Standards Canada ,casdo ocena,303
3304, Accessibility Standards Canada ,casdo ocena,304
3305, Accessibility Standards Canada ,casdo ocena,305
3306, Accessibility Standards Canada ,casdo ocena,306
3307, Accessibility Standards Canada ,casdo ocena,307
3308, Accessibility Standards Canada ,casdo ocena,308
3309, Accessibility Standards Canada ,casdo ocena,309
3310, Accessibility Standards Canada ,casdo ocena,310
3311, Accessibility Standards Canada ,casdo ocena,311
3312, Accessibility Standards Canada ,casdo ocena,312
3313, Accessibility Standards Canada ,casdo ocena,313
3314, Accessibility Standards Canada ,casdo ocena,314
3315, Accessibility Standards Canada ,casdo ocena,315
3316, Accessibility Standards Canada ,casdo ocena,316
3317, Accessibility Standards Canada ,casdo ocena,317
3318, Accessibility Standards Canada ,casdo ocena,318
3319, Accessibility Standards Canada ,casdo ocena,319
3320, Accessibility Standards Canada ,casdo ocena,320
3321, Accessibility Standards Canada ,casdo ocena,321
3322, Accessibility Standards Canada ,casdo ocena,322
3323, Accessibility Standards Canada ,casdo ocena,323
3324, Accessibility Standards Canada ,casdo ocena,324
3325, Accessibility Standards Canada ,casdo ocena,325
3326, Accessibility Standards Canada ,casdo ocena,326
3327, Accessibility Standards Canada ,casdo ocena,327
3328, Accessibility Standards Canada ,casdo ocena,328
3329, Accessibility Standards Canada ,casdo ocena,329
3330, Accessibility Standards Canada ,casdo ocena,330
3331, Accessibility Standards Canada ,casdo ocena,331
3332, Accessibility Standards Canada ,casdo ocena,332
3333, Accessibility Standards Canada ,casdo ocena,333
3334, Accessibility Standards Canada ,casdo ocena,334
3335, Accessibility Standards Canada ,casdo ocena,335
3336, Accessibility Standards Canada ,casdo ocena,336
3337, Accessibility Standards Canada ,casdo ocena,337
3338, Accessibility Standards Canada ,casdo ocena,338
3339, Accessibility Standards Canada ,casdo ocena,339
3340, Accessibility Standards Canada ,casdo ocena,340
3341, Accessibility Standards Canada ,casdo ocena,341
3342, Accessibility Standards Canada ,casdo ocena,342
3343, Accessibility Standards Canada ,casdo ocena,343
3344, Accessibility Standards Canada ,casdo ocena,344
3345, Accessibility Standards Canada ,casdo ocena,345
3346, Accessibility Standards Canada ,casdo ocena,346
3347, Accessibility Standards Canada ,casdo ocena,347
3348, Accessibility Standards Canada ,casdo ocena,348
3349, Accessibility Standards Canada ,casdo ocena,349
3350, Accessibility Standards Canada ,casdo ocena,350
3351, Accessibility Standards Canada ,casdo ocena,351
3352, Accessibility Standards Canada ,casdo ocena,352
3353, Accessibility Standards Canada ,casdo ocena,353
3354, Accessibility Standards Canada ,casdo ocena,354
3355, Accessibility Standards Canada ,casdo ocena,355
3356, Accessibility Standards Canada ,casdo ocena,356
3357, Accessibility Standards Canada ,casdo ocena,357
3358, Accessibility Standards Canada ,casdo ocena,358
3359,Administrative Tribunals Support Service of Canada ,atssc scdata,359
3360,Administrative Tribunals Support Service of Canada ,atssc scdata,360
3361,Administrative Tribunals Support Service of Canada ,atssc scdata,361
3362,Administrative Tribunals Support Service of Canada ,atssc scdata,362
3363,Administrative Tribunals Support Service of Canada ,atssc scdata,363
3364,Administrative Tribunals Support Service of Canada ,atssc scdata,364
3365,Administrative Tribunals Support Service of Canada ,atssc scdata,365
3366,Administrative Tribunals Support Service of Canada ,atssc scdata,366
3367,Administrative Tribunals Support Service of Canada ,atssc scdata,367
3368,Administrative Tribunals Support Service of Canada ,atssc scdata,368
3369,Administrative Tribunals Support Service of Canada ,atssc scdata,369
3370,Administrative Tribunals Support Service of Canada ,atssc scdata,370
3371,Administrative Tribunals Support Service of Canada ,atssc scdata,371
3372,Administrative Tribunals Support Service of Canada ,atssc scdata,372
3373,Administrative Tribunals Support Service of Canada ,atssc scdata,373
3374,Administrative Tribunals Support Service of Canada ,atssc scdata,374
3375,Administrative Tribunals Support Service of Canada ,atssc scdata,375
3376,Administrative Tribunals Support Service of Canada ,atssc scdata,376
3377,Administrative Tribunals Support Service of Canada ,atssc scdata,377
3378,Administrative Tribunals Support Service of Canada ,atssc scdata,378
3379,Administrative Tribunals Support Service of Canada ,atssc scdata,379
3380,Administrative Tribunals Support Service of Canada ,atssc scdata,380
3381,Administrative Tribunals Support Service of Canada ,atssc scdata,381
3382,Administrative Tribunals Support Service of Canada ,atssc scdata,382
3383,Administrative Tribunals Support Service of Canada ,atssc scdata,383
3384,Administrative Tribunals Support Service of Canada ,atssc scdata,384
3385,Administrative Tribunals Support Service of Canada ,atssc scdata,385
3386,Administrative Tribunals Support Service of Canada ,atssc scdata,386
3387,Administrative Tribunals Support Service of Canada ,atssc scdata,387
3388,Administrative Tribunals Support Service of Canada ,atssc scdata,388
3389,Administrative Tribunals Support Service of Canada ,atssc scdata,389
3390,Administrative Tribunals Support Service of Canada ,atssc scdata,390
3391,Administrative Tribunals Support Service of Canada ,atssc scdata,391
3392,Administrative Tribunals Support Service of Canada ,atssc scdata,392
3393,Administrative Tribunals Support Service of Canada ,atssc scdata,393
3394,Administrative Tribunals Support Service of Canada ,atssc scdata,394
3395,Administrative Tribunals Support Service of Canada ,atssc scdata,395
3396,Administrative Tribunals Support Service of Canada ,atssc scdata,396
3397,Administrative Tribunals Support Service of Canada ,atssc scdata,397
3398,Administrative Tribunals Support Service of Canada ,atssc scdata,398
3399,Administrative Tribunals Support Service of Canada ,atssc scdata,399
3400,Administrative Tribunals Support Service of Canada ,atssc scdata,400
3401,Administrative Tribunals Support Service of Canada ,atssc scdata,401
3402,Administrative Tribunals Support Service of Canada ,atssc scdata,402
3403,Administrative Tribunals Support Service of Canada ,atssc scdata,403
3404,Administrative Tribunals Support Service of Canada ,atssc scdata,404
3405,Administrative Tribunals Support Service of Canada ,atssc scdata,405
3406,Administrative Tribunals Support Service of Canada ,atssc scdata,406
3407,Administrative Tribunals Support Service of Canada ,atssc scdata,407
3408,Administrative Tribunals Support Service of Canada ,atssc scdata,408
3409,Administrative Tribunals Support Service of Canada ,atssc scdata,409
3410,Administrative Tribunals Support Service of Canada ,atssc scdata,410
3411,Administrative Tribunals Support Service of Canada ,atssc scdata,411
3412,Administrative Tribunals Support Service of Canada ,atssc scdata,412
3413,Administrative Tribunals Support Service of Canada ,atssc scdata,413
3414,Administrative Tribunals Support Service of Canada ,atssc scdata,414
3415,Administrative Tribunals Support Service of Canada ,atssc scdata,415
3416,Administrative Tribunals Support Service of Canada ,atssc scdata,416
3417,Administrative Tribunals Support Service of Canada ,atssc scdata,417
3418,Administrative Tribunals Support Service of Canada ,atssc scdata,418
3419,Administrative Tribunals Support Service of Canada ,atssc scdata,419
3420,Administrative Tribunals Support Service of Canada ,atssc scdata,420
3421,Administrative Tribunals Support Service of Canada ,atssc scdata,421
3422,Administrative Tribunals Support Service of Canada ,atssc scdata,422
3423,Administrative Tribunals Support Service of Canada ,atssc scdata,423
3424,Administrative Tribunals Support Service of Canada ,atssc scdata,424
3425,Administrative Tribunals Support Service of Canada ,atssc scdata,425
3426,Administrative Tribunals Support Service of Canada ,atssc scdata,426
3427,Administrative Tribunals Support Service of Canada ,atssc scdata,427
3428,Administrative Tribunals Support Service of Canada ,atssc scdata,428
3429,Administrative Tribunals Support Service of Canada ,atssc scdata,429
3430,Administrative Tribunals Support Service of Canada ,atssc scdata,430
3431,Administrative Tribunals Support Service of Canada ,atssc scdata,431
3432,Administrative Tribunals Support Service of Canada ,atssc scdata,432
3433,Administrative Tribunals Support Service of Canada ,atssc scdata,433
3434,Administrative Tribunals Support Service of Canada ,atssc scdata,434
3435,Administrative Tribunals Support Service of Canada ,atssc scdata,435
3436,Administrative Tribunals Support Service of Canada ,atssc scdata,436
3437,Administrative Tribunals Support Service of Canada ,atssc scdata,437
3438,Administrative Tribunals Support Service of Canada ,atssc scdata,438
3439,Administrative Tribunals Support Service of Canada ,atssc scdata,439
3440,Administrative Tribunals Support Service of Canada ,atssc scdata,440
3441,Administrative Tribunals Support Service of Canada ,atssc scdata,441
3442,Administrative Tribunals Support Service of Canada ,atssc scdata,442
3443,Administrative Tribunals Support Service of Canada ,atssc scdata,443
3444,Administrative Tribunals Support Service of Canada ,atssc scdata,444
3445,Administrative Tribunals Support Service of Canada ,atssc scdata,445
3446,Administrative Tribunals Support Service of Canada ,atssc scdata,446
3447,Administrative Tribunals Support Service of Canada ,atssc scdata,447
3448,Administrative Tribunals Support Service of Canada ,atssc scdata,448
3449,Administrative Tribunals Support Service of Canada ,atssc scdata,449
3450,Administrative Tribunals Support Service of Canada ,atssc scdata,450
3451,Administrative Tribunals Support Service of Canada ,atssc scdata,451
3452,Administrative Tribunals Support Service of Canada ,atssc scdata,452
3453,Administrative Tribunals Support Service of Canada ,atssc scdata,453
3454,Administrative Tribunals Support Service of Canada ,atssc scdata,454
3455,Administrative Tribunals Support Service of Canada ,atssc scdata,455
3456,Administrative Tribunals Support Service of Canada ,atssc scdata,456
3457,Administrative Tribunals Support Service of Canada ,atssc scdata,457
3458,Administrative Tribunals Support Service of Canada ,atssc scdata,458
3459,Administrative Tribunals Support Service of Canada ,atssc scdata,459
3460,Administrative Tribunals Support Service of Canada ,atssc scdata,460
3461,Administrative Tribunals Support Service of Canada ,atssc scdata,461
3462,Administrative Tribunals Support Service of Canada ,atssc scdata,462
3463,Administrative Tribunals Support Service of Canada ,atssc scdata,463
3464,Administrative Tribunals Support Service of Canada ,atssc scdata,464
3465,Administrative Tribunals Support Service of Canada ,atssc scdata,465
3466,Administrative Tribunals Support Service of Canada ,atssc scdata,466
3467,Administrative Tribunals Support Service of Canada ,atssc scdata,467
3468,Administrative Tribunals Support Service of Canada ,atssc scdata,468
3469,Administrative Tribunals Support Service of Canada ,atssc scdata,469
3470,Administrative Tribunals Support Service of Canada ,atssc scdata,470
3471,Administrative Tribunals Support Service of Canada ,atssc scdata,471
3472,Administrative Tribunals Support Service of Canada ,atssc scdata,472
3473,Administrative Tribunals Support Service of Canada ,atssc scdata,473
3474,Administrative Tribunals Support Service of Canada ,atssc scdata,474
3475,Administrative Tribunals Support Service of Canada ,atssc scdata,475
3476,Administrative Tribunals Support Service of Canada ,atssc scdata,476
3477,Administrative Tribunals Support Service of Canada ,atssc scdata,477
3478,Administrative Tribunals Support Service of Canada ,atssc scdata,478
3479,Administrative Tribunals Support Service of Canada ,atssc scdata,479
3480,Administrative Tribunals Support Service of Canada ,atssc scdata,480
3481,Administrative Tribunals Support Service of Canada ,atssc scdata,481
3482,Administrative Tribunals Support Service of Canada ,atssc scdata,482
3483,Administrative Tribunals Support Service of Canada ,atssc scdata,483
3484,Administrative Tribunals Support Service of Canada ,atssc scdata,484
3485,Administrative Tribunals Support Service of Canada ,atssc scdata,485
3486,Administrative Tribunals Support Service of Canada ,atssc scdata,486
3487,Administrative Tribunals Support Service of Canada ,atssc scdata,487
3488,Administrative Tribunals Support Service of Canada ,atssc scdata,488
3489,Administrative Tribunals Support Service of Canada ,atssc scdata,489
3490,Administrative Tribunals Support Service of Canada ,atssc scdata,490
3491,Administrative Tribunals Support Service of Canada ,atssc scdata,491
3492,Administrative Tribunals Support Service of Canada ,atssc scdata,492
3493,Administrative Tribunals Support Service of Canada ,atssc scdata,493
3494,Administrative Tribunals Support Service of Canada ,atssc scdata,494
3495,Administrative Tribunals Support Service of Canada ,atssc scdata,495
3496,Administrative Tribunals Support Service of Canada ,atssc scdata,496
3497,Administrative Tribunals Support Service of Canada ,atssc scdata,497
3498,Administrative Tribunals Support Service of Canada ,atssc scdata,498
3499,Administrative Tribunals Support Service of Canada ,atssc scdata,499
3500,Administrative Tribunals Support Service of Canada ,atssc scdata,500
3501,Administrative Tribunals Support Service of Canada ,atssc scdata,501
3502,Administrative Tribunals Support Service of Canada ,atssc scdata,502
3503,Administrative Tribunals Support Service of Canada ,atssc scdata,503
3504,Administrative Tribunals Support Service of Canada ,atssc scdata,504
3505,Administrative Tribunals Support Service of Canada ,atssc scdata,505
3506,Administrative Tribunals Support Service of Canada ,atssc scdata,506
3507,Administrative Tribunals Support Service of Canada ,atssc scdata,507
3508,Administrative Tribunals Support Service of Canada ,atssc scdata,508
3509,Administrative Tribunals Support Service of Canada ,atssc scdata,509
3510,Administrative Tribunals Support Service of Canada ,atssc scdata,510
3511,Administrative Tribunals Support Service of Canada ,atssc scdata,511
3512,Administrative Tribunals Support Service of Canada ,atssc scdata,512
3513,Administrative Tribunals Support Service of Canada ,atssc scdata,513
3514,Administrative Tribunals Support Service of Canada ,atssc scdata,514
3515,Administrative Tribunals Support Service of Canada ,atssc scdata,515
3516,Administrative Tribunals Support Service of Canada ,atssc scdata,516
3517,Administrative Tribunals Support Service of Canada ,atssc scdata,517
3518,Administrative Tribunals Support Service of Canada ,atssc scdata,518
3519,Administrative Tribunals Support Service of Canada ,atssc scdata,519
3520,Administrative Tribunals Support Service of Canada ,atssc scdata,520
3521,Administrative Tribunals Support Service of Canada ,atssc scdata,521
3522,Administrative Tribunals Support Service of Canada ,atssc scdata,522
3523,Administrative Tribunals Support Service of Canada ,atssc scdata,523
3524,Administrative Tribunals Support Service of Canada ,atssc scdata,524
3525,Administrative Tribunals Support Service of Canada ,atssc scdata,525
3526,Administrative Tribunals Support Service of Canada ,atssc scdata,526
3527,Administrative Tribunals Support Service of Canada ,atssc scdata,527
3528,Administrative Tribunals Support Service of Canada ,atssc scdata,528
3529,Administrative Tribunals Support Service of Canada ,atssc scdata,529
3530,Administrative Tribunals Support Service of Canada ,atssc scdata,530
3531,Administrative Tribunals Support Service of Canada ,atssc scdata,531
3532,Administrative Tribunals Support Service of Canada ,atssc scdata,532
3533,Administrative Tribunals Support Service of Canada ,atssc scdata,533
3534,Administrative Tribunals Support Service of Canada ,atssc scdata,534
3535,Administrative Tribunals Support Service of Canada ,atssc scdata,535
3536,Administrative Tribunals Support Service of Canada ,atssc scdata,536
3537,Administrative Tribunals Support Service of Canada ,atssc scdata,537
3538,Administrative Tribunals Support Service of Canada ,atssc scdata,538
3539,Administrative Tribunals Support Service of Canada ,atssc scdata,539
3540,Administrative Tribunals Support Service of Canada ,atssc scdata,540
3541,Administrative Tribunals Support Service of Canada ,atssc scdata,541
3542,Administrative Tribunals Support Service of Canada ,atssc scdata,542
3543,Administrative Tribunals Support Service of Canada ,atssc scdata,543
3544,Administrative Tribunals Support Service of Canada ,atssc scdata,544
3545,Administrative Tribunals Support Service of Canada ,atssc scdata,545
3546,Administrative Tribunals Support Service of Canada ,atssc scdata,546
3547,Administrative Tribunals Support Service of Canada ,atssc scdata,547
3548,Administrative Tribunals Support Service of Canada ,atssc scdata,548
3549,Administrative Tribunals Support Service of Canada ,atssc scdata,549
3550,Administrative Tribunals Support Service of Canada ,atssc scdata,550
3551,Administrative Tribunals Support Service of Canada ,atssc scdata,551
3552,Administrative Tribunals Support Service of Canada ,atssc scdata,552
3553,Administrative Tribunals Support Service of Canada ,atssc scdata,553
3554,Administrative Tribunals Support Service of Canada ,atssc scdata,554
3555,Administrative Tribunals Support Service of Canada ,atssc scdata,555
3556,Administrative Tribunals Support Service of Canada ,atssc scdata,556
3557,Administrative Tribunals Support Service of Canada ,atssc scdata,557
3558,Administrative Tribunals Support Service of Canada ,atssc scdata,558
3559,Administrative Tribunals Support Service of Canada ,atssc scdata,559
3560,Administrative Tribunals Support Service of Canada ,atssc scdata,560
3561,Administrative Tribunals Support Service of Canada ,atssc scdata,561
3562,Administrative Tribunals Support Service of Canada ,atssc scdata,562
3563,Administrative Tribunals Support Service of Canada ,atssc scdata,563
3564,Administrative Tribunals Support Service of Canada ,atssc scdata,564
3565,Administrative Tribunals Support Service of Canada ,atssc scdata,565
3566,Administrative Tribunals Support Service of Canada ,atssc scdata,566
3567,Administrative Tribunals Support Service of Canada ,atssc scdata,567
3568,Administrative Tribunals Support Service of Canada ,atssc scdata,568
3569,Administrative Tribunals Support Service of Canada ,atssc scdata,569
3570,Administrative Tribunals Support Service of Canada ,atssc scdata,570
3571,Administrative Tribunals Support Service of Canada ,atssc scdata,571
3572,Administrative Tribunals Support Service of Canada ,atssc scdata,572
3573,Administrative Tribunals Support Service of Canada ,atssc scdata,573
3574,Administrative Tribunals Support Service of Canada ,atssc scdata,574
3575,Administrative Tribunals Support Service of Canada ,atssc scdata,575
3576,Administrative Tribunals Support Service of Canada ,atssc scdata,576
3577,Administrative Tribunals Support Service of Canada ,atssc scdata,577
3578,Administrative Tribunals Support Service of Canada ,atssc scdata,578
3579,Administrative Tribunals Support Service of Canada ,atssc scdata,579
3580,Administrative Tribunals Support Service of Canada ,atssc scdata,580
3581,Administrative Tribunals Support Service of Canada ,atssc scdata,581
3582,Administrative Tribunals Support Service of Canada ,atssc scdata,582
3583,Administrative Tribunals Support Service of Canada ,atssc scdata,583
3584,Administrative Tribunals Support Service of Canada ,atssc scdata,584
3585,Administrative Tribunals Support Service of Canada ,atssc scdata,585
3586,Administrative Tribunals Support Service of Canada ,atssc scdata,586
3587,Administrative Tribunals Support Service of Canada ,atssc scdata,587
3588,Administrative Tribunals Support Service of Canada ,atssc scdata,588
3589,Administrative Tribunals Support Service of Canada ,atssc scdata,589
3590,Administrative Tribunals Support Service of Canada ,atssc scdata,590
3591,Administrative Tribunals Support Service of Canada ,atssc scdata,591
3592,Administrative Tribunals Support Service of Canada ,atssc scdata,592
3593,Administrative Tribunals Support Service of Canada ,atssc scdata,593
3594,Administrative Tribunals Support Service of Canada ,atssc scdata,594
3595,Administrative Tribunals Support Service of Canada ,atssc scdata,595
3596,Administrative Tribunals Support Service of Canada ,atssc scdata,596
3597,Administrative Tribunals Support Service of Canada ,atssc scdata,597
3598,Administrative Tribunals Support Service of Canada ,atssc scdata,598
3599,Administrative Tribunals Support Service of Canada ,atssc scdata,599
3600,Administrative Tribunals Support Service of Canada ,atssc scdata,600
3601,Administrative Tribunals Support Service of Canada ,atssc scdata,601
3602,Administrative Tribunals Support Service of Canada ,atssc scdata,602
3603,Administrative Tribunals Support Service of Canada ,atssc scdata,603
3604,Administrative Tribunals Support Service of Canada ,atssc scdata,604
3605,Administrative Tribunals Support Service of Canada ,atssc scdata,605
3606,Administrative Tribunals Support Service of Canada ,atssc scdata,606
3607,Administrative Tribunals Support Service of Canada ,atssc scdata,607
3608,Administrative Tribunals Support Service of Canada ,atssc scdata,608
3609,Administrative Tribunals Support Service of Canada ,atssc scdata,609
3610,Administrative Tribunals Support Service of Canada ,atssc scdata,610
3611,Administrative Tribunals Support Service of Canada ,atssc scdata,611
3612,Administrative Tribunals Support Service of Canada ,atssc scdata,612
3613,Administrative Tribunals Support Service of Canada ,atssc scdata,613
3614,Administrative Tribunals Support Service of Canada ,atssc scdata,614
3615,Administrative Tribunals Support Service of Canada ,atssc scdata,615
3616,Administrative Tribunals Support Service of Canada ,atssc scdata,616
3617,Administrative Tribunals Support Service of Canada ,atssc scdata,617
3618,Administrative Tribunals Support Service of Canada ,atssc scdata,618
3619,Administrative Tribunals Support Service of Canada ,atssc scdata,619
3620,Administrative Tribunals Support Service of Canada ,atssc scdata,620
3621,Administrative Tribunals Support Service of Canada ,atssc scdata,621
3622,Administrative Tribunals Support Service of Canada ,atssc scdata,622
3623,Administrative Tribunals Support Service of Canada ,atssc scdata,623
3624,Administrative Tribunals Support Service of Canada ,atssc scdata,624
3625,Administrative Tribunals Support Service of Canada ,atssc scdata,625
3626,Administrative Tribunals Support Service of Canada ,atssc scdata,626
3627,Administrative Tribunals Support Service of Canada ,atssc scdata,627
3628,Administrative Tribunals Support Service of Canada ,atssc scdata,628
3629,Administrative Tribunals Support Service of Canada ,atssc scdata,629
3630,Administrative Tribunals Support Service of Canada ,atssc scdata,630
3631,Administrative Tribunals Support Service of Canada ,atssc scdata,631
3632,Administrative Tribunals Support Service of Canada ,atssc scdata,632
3633,Administrative Tribunals Support Service of Canada ,atssc scdata,633
3634,Administrative Tribunals Support Service of Canada ,atssc scdata,634
3635,Administrative Tribunals Support Service of Canada ,atssc scdata,635
3636,Administrative Tribunals Support Service of Canada ,atssc scdata,636
3637,Administrative Tribunals Support Service of Canada ,atssc scdata,637
3638,Administrative Tribunals Support Service of Canada ,atssc scdata,638
3639,Administrative Tribunals Support Service of Canada ,atssc scdata,639
3640,Administrative Tribunals Support Service of Canada ,atssc scdata,640
3641,Administrative Tribunals Support Service of Canada ,atssc scdata,641
3642,Administrative Tribunals Support Service of Canada ,atssc scdata,642
3643,Administrative Tribunals Support Service of Canada ,atssc scdata,643
3644,Administrative Tribunals Support Service of Canada ,atssc scdata,644
3645,Administrative Tribunals Support Service of Canada ,atssc scdata,645
3646,Administrative Tribunals Support Service of Canada ,atssc scdata,646
3647,Administrative Tribunals Support Service of Canada ,atssc scdata,647
3648,Administrative Tribunals Support Service of Canada ,atssc scdata,648
3649,Administrative Tribunals Support Service of Canada ,atssc scdata,649
3650,Administrative Tribunals Support Service of Canada ,atssc scdata,650
3651,Administrative Tribunals Support Service of Canada ,atssc scdata,651
3652,Administrative Tribunals Support Service of Canada ,atssc scdata,652
3653,Administrative Tribunals Support Service of Canada ,atssc scdata,653
3654,Administrative Tribunals Support Service of Canada ,atssc scdata,654
3655,Administrative Tribunals Support Service of Canada ,atssc scdata,655
3656,Administrative Tribunals Support Service of Canada ,atssc scdata,656
3657,Administrative Tribunals Support Service of Canada ,atssc scdata,657
3658,Administrative Tribunals Support Service of Canada ,atssc scdata,658
3659,Administrative Tribunals Support Service of Canada ,atssc scdata,659
3660,Administrative Tribunals Support Service of Canada ,atssc scdata,660
3661,Administrative Tribunals Support Service of Canada ,atssc scdata,661
3662,Administrative Tribunals Support Service of Canada ,atssc scdata,662
3663,Administrative Tribunals Support Service of Canada ,atssc scdata,663
3664,Administrative Tribunals Support Service of Canada ,atssc scdata,664
3665,Administrative Tribunals Support Service of Canada ,atssc scdata,665
3666,Administrative Tribunals Support Service of Canada ,atssc scdata,666
3667,Administrative Tribunals Support Service of Canada ,atssc scdata,667
3668,Administrative Tribunals Support Service of Canada ,atssc scdata,668
3669,Administrative Tribunals Support Service of Canada ,atssc scdata,669
